kind	owner	symbol	uses	files
case	NativeTypedTree.NativeTypes.NativeLiteral	Bool	2	2
case	NativeTypedTree.NativeTypes.NativeLiteral	Char	2	2
case	NativeTypedTree.NativeTypes.NativeLiteral	Float	2	2
case	NativeTypedTree.NativeTypes.NativeLiteral	Int	3	3
case	NativeTypedTree.NativeTypes.NativeLiteral	String	2	2
case	NativeTypedTree.NativeTypes.NativeLiteral	UInt	2	2
case	NativeTypedTree.NativeTypes.NativeLiteral	Unit	2	1
case	NativeTypedTree.NativeTypes.NativeType	TApp	1	1
case	NativeTypedTree.NativeTypes.NativeType	TFun	2	2
case	NativeTypedTree.NativeTypes.NativeType	TSeq	1	1
case	NativeTypedTree.NativeTypes.NativeType	TSeqEnumerator	1	1
case	NativeTypedTree.NativeTypes.NodeId	NodeId	9	6
case	NativeTypedTree.NativeTypes.NTUMemorySpace	Default	1	1
case	NativeTypedTree.NativeTypes.ValueRange	Empty	1	1
case	NativeTypedTree.NativeTypes.ValueRangeModule.Endpoint	Finite	1	1
case	NativeTypedTree.NativeTypes.WidthDimension	Pointer	1	1
case	NativeTypedTree.NativeTypes.WidthDimension	Register	1	1
case	PSGSaturation.SemanticGraph.Types.BoundaryScalar	Boolean	1	1
case	PSGSaturation.SemanticGraph.Types.BoundaryScalar	Integer	1	1
case	PSGSaturation.SemanticGraph.Types.CallableSymbolName	Anonymous	1	1
case	PSGSaturation.SemanticGraph.Types.CallableSymbolName	LocalBinding	1	1
case	PSGSaturation.SemanticGraph.Types.CallableSymbolName	ModuleBinding	1	1
case	PSGSaturation.SemanticGraph.Types.CallableSymbolName	RootBinding	1	1
case	PSGSaturation.SemanticGraph.Types.CallableValueShape	Callable	13	9
case	PSGSaturation.SemanticGraph.Types.CallableValueShape	Data	7	5
case	PSGSaturation.SemanticGraph.Types.CallableValueShape	Lazy	6	3
case	PSGSaturation.SemanticGraph.Types.CallableValueShape	Sequence	9	6
case	PSGSaturation.SemanticGraph.Types.CaptureSlotKind	CellView	5	1
case	PSGSaturation.SemanticGraph.Types.CaptureSlotKind	EnvironmentView	4	2
case	PSGSaturation.SemanticGraph.Types.CaptureSlotKind	InlineValue	4	1
case	PSGSaturation.SemanticGraph.Types.CaptureSlotKind	Scalar	3	1
case	PSGSaturation.SemanticGraph.Types.CaptureSlotKind	ValueView	3	1
case	PSGSaturation.SemanticGraph.Types.DeclRoot	EntryPoint	3	1
case	PSGSaturation.SemanticGraph.Types.DeclRoot	HardwareModule	3	3
case	PSGSaturation.SemanticGraph.Types.DeclRoot	KernelModule	3	3
case	PSGSaturation.SemanticGraph.Types.DimensionalRule	Comparison	2	1
case	PSGSaturation.SemanticGraph.Types.DimensionalRule	Product	2	1
case	PSGSaturation.SemanticGraph.Types.DimensionalRule	Quotient	1	1
case	PSGSaturation.SemanticGraph.Types.DimensionalRule	SameDimension	1	1
case	PSGSaturation.SemanticGraph.Types.EagerFrontier	Expression	1	1
case	PSGSaturation.SemanticGraph.Types.EdgeClass	Demand	1	1
case	PSGSaturation.SemanticGraph.Types.EdgeRole	EagerDemand	2	1
case	PSGSaturation.SemanticGraph.Types.EdgeRole	EagerDemandPending	1	1
case	PSGSaturation.SemanticGraph.Types.EscapeKind	EscapesViaByRef	2	2
case	PSGSaturation.SemanticGraph.Types.EscapeKind	EscapesViaClosure	2	2
case	PSGSaturation.SemanticGraph.Types.EscapeKind	EscapesViaReturn	2	2
case	PSGSaturation.SemanticGraph.Types.EscapeKind	StackScoped	7	6
case	PSGSaturation.SemanticGraph.Types.EscapeKind	StaticLifetime	5	4
case	PSGSaturation.SemanticGraph.Types.FunctionPointerPlan	Address	1	1
case	PSGSaturation.SemanticGraph.Types.FunctionPointerPlan	Invoke	1	1
case	PSGSaturation.SemanticGraph.Types.IntrinsicModule	Arena	5	2
case	PSGSaturation.SemanticGraph.Types.IntrinsicModule	Array	2	1
case	PSGSaturation.SemanticGraph.Types.IntrinsicModule	BorrowedView	1	1
case	PSGSaturation.SemanticGraph.Types.IntrinsicModule	Convert	2	2
case	PSGSaturation.SemanticGraph.Types.IntrinsicModule	DateTime	1	1
case	PSGSaturation.SemanticGraph.Types.IntrinsicModule	List	1	1
case	PSGSaturation.SemanticGraph.Types.IntrinsicModule	Map	1	1
case	PSGSaturation.SemanticGraph.Types.IntrinsicModule	Math	2	2
case	PSGSaturation.SemanticGraph.Types.IntrinsicModule	Mmio	1	1
case	PSGSaturation.SemanticGraph.Types.IntrinsicModule	Operators	28	3
case	PSGSaturation.SemanticGraph.Types.IntrinsicModule	Option	1	1
case	PSGSaturation.SemanticGraph.Types.IntrinsicModule	Seq	2	1
case	PSGSaturation.SemanticGraph.Types.IntrinsicModule	SeqEnumerator	3	1
case	PSGSaturation.SemanticGraph.Types.IntrinsicModule	Set	1	1
case	PSGSaturation.SemanticGraph.Types.IntrinsicModule	String	2	2
case	PSGSaturation.SemanticGraph.Types.IntrinsicModule	Sys	1	1
case	PSGSaturation.SemanticGraph.Types.IntrinsicModule	TimeSpan	1	1
case	PSGSaturation.SemanticGraph.Types.LambdaContext	LazyThunk	1	1
case	PSGSaturation.SemanticGraph.Types.MeetKind	ExtendFloat	2	1
case	PSGSaturation.SemanticGraph.Types.MeetKind	ExtendSigned	1	1
case	PSGSaturation.SemanticGraph.Types.MeetKind	ExtendUnsigned	1	1
case	PSGSaturation.SemanticGraph.Types.MeetKind	Truncate	1	1
case	PSGSaturation.SemanticGraph.Types.MeetKind	TruncateFloat	2	1
case	PSGSaturation.SemanticGraph.Types.MemoryPlace	ArrayElement	1	1
case	PSGSaturation.SemanticGraph.Types.MemoryPlace	ExistingReference	1	1
case	PSGSaturation.SemanticGraph.Types.MemoryPlace	MutableCell	1	1
case	PSGSaturation.SemanticGraph.Types.MemoryPlace	RecordField	1	1
case	PSGSaturation.SemanticGraph.Types.MemoryResidence	ImmutableProgram	2	1
case	PSGSaturation.SemanticGraph.Types.MemoryResidence	Program	1	1
case	PSGSaturation.SemanticGraph.Types.MemoryResidence	Stack	2	1
case	PSGSaturation.SemanticGraph.Types.MemoryWitnessOperation	Address	1	1
case	PSGSaturation.SemanticGraph.Types.MemoryWitnessOperation	ArrayAccess	3	1
case	PSGSaturation.SemanticGraph.Types.MemoryWitnessOperation	ArrayAllocation	1	1
case	PSGSaturation.SemanticGraph.Types.MemoryWitnessOperation	ArrayExtent	1	1
case	PSGSaturation.SemanticGraph.Types.MemoryWitnessOperation	ArrayLiteral	1	1
case	PSGSaturation.SemanticGraph.Types.MemoryWitnessOperation	BufferExtent	1	1
case	PSGSaturation.SemanticGraph.Types.MemoryWitnessOperation	StringView	1	1
case	PSGSaturation.SemanticGraph.Types.MetadataValue	StringList	1	1
case	PSGSaturation.SemanticGraph.Types.NumericOperationForm	Boolean	2	1
case	PSGSaturation.SemanticGraph.Types.NumericOperationForm	Integer	2	1
case	PSGSaturation.SemanticGraph.Types.NumericOperationForm	OpaqueReference	1	1
case	PSGSaturation.SemanticGraph.Types.NumericOperationForm	Real	2	1
case	PSGSaturation.SemanticGraph.Types.NumericOperationForm	Unit	1	1
case	PSGSaturation.SemanticGraph.Types.NumericOperationKind	Add	2	1
case	PSGSaturation.SemanticGraph.Types.NumericOperationKind	BitAnd	1	1
case	PSGSaturation.SemanticGraph.Types.NumericOperationKind	BitOr	1	1
case	PSGSaturation.SemanticGraph.Types.NumericOperationKind	BitXor	1	1
case	PSGSaturation.SemanticGraph.Types.NumericOperationKind	Complement	1	1
case	PSGSaturation.SemanticGraph.Types.NumericOperationKind	Divide	2	1
case	PSGSaturation.SemanticGraph.Types.NumericOperationKind	Equal	4	1
case	PSGSaturation.SemanticGraph.Types.NumericOperationKind	Greater	2	1
case	PSGSaturation.SemanticGraph.Types.NumericOperationKind	GreaterOrEqual	2	1
case	PSGSaturation.SemanticGraph.Types.NumericOperationKind	Identity	1	1
case	PSGSaturation.SemanticGraph.Types.NumericOperationKind	Less	2	1
case	PSGSaturation.SemanticGraph.Types.NumericOperationKind	LessOrEqual	2	1
case	PSGSaturation.SemanticGraph.Types.NumericOperationKind	LogicalNot	1	1
case	PSGSaturation.SemanticGraph.Types.NumericOperationKind	Multiply	2	1
case	PSGSaturation.SemanticGraph.Types.NumericOperationKind	Negate	4	1
case	PSGSaturation.SemanticGraph.Types.NumericOperationKind	NotEqual	3	1
case	PSGSaturation.SemanticGraph.Types.NumericOperationKind	Remainder	1	1
case	PSGSaturation.SemanticGraph.Types.NumericOperationKind	ShiftLeft	1	1
case	PSGSaturation.SemanticGraph.Types.NumericOperationKind	ShiftRight	1	1
case	PSGSaturation.SemanticGraph.Types.NumericOperationKind	Subtract	2	1
case	PSGSaturation.SemanticGraph.Types.ObligationBody	AdditiveLoopInvariant	1	1
case	PSGSaturation.SemanticGraph.Types.ObligationBody	ApplicationDimensions	1	1
case	PSGSaturation.SemanticGraph.Types.ObligationBody	CapacityFits	1	1
case	PSGSaturation.SemanticGraph.Types.ObligationBody	CapacityPositive	1	1
case	PSGSaturation.SemanticGraph.Types.ObligationBody	ConcatCopyBound	1	1
case	PSGSaturation.SemanticGraph.Types.ObligationBody	ConsecutiveLayout	1	1
case	PSGSaturation.SemanticGraph.Types.ObligationBody	ContinuationLayout	1	1
case	PSGSaturation.SemanticGraph.Types.ObligationBody	DimensionalRelation	1	1
case	PSGSaturation.SemanticGraph.Types.ObligationBody	FiniteAdditiveEffects	1	1
case	PSGSaturation.SemanticGraph.Types.ObligationBody	FiniteLinearRecurrence	1	1
case	PSGSaturation.SemanticGraph.Types.ObligationBody	FiniteLoopTrip	1	1
case	PSGSaturation.SemanticGraph.Types.ObligationBody	InputBufferBound	1	1
case	PSGSaturation.SemanticGraph.Types.ObligationBody	InputCopyBound	1	1
case	PSGSaturation.SemanticGraph.Types.ObligationBody	IntegerDivisorNonzero	1	1
case	PSGSaturation.SemanticGraph.Types.ObligationBody	IntegerLiteralRange	1	1
case	PSGSaturation.SemanticGraph.Types.ObligationBody	IntegerRepresentationCoverage	1	1
case	PSGSaturation.SemanticGraph.Types.ObligationBody	IntegerShiftCount	1	1
case	PSGSaturation.SemanticGraph.Types.ObligationBody	MappedElementSpan	1	1
case	PSGSaturation.SemanticGraph.Types.ObligationBody	NulSentinel	1	1
case	PSGSaturation.SemanticGraph.Types.ObligationBody	RealLiteralRange	2	1
case	PSGSaturation.SemanticGraph.Types.ObligationBody	RealRepresentationCoverage	2	1
case	PSGSaturation.SemanticGraph.Types.ObligationBody	SpatialKernelPartition	1	1
case	PSGSaturation.SemanticGraph.Types.ObligationBody	StaticStorageLayout	1	1
case	PSGSaturation.SemanticGraph.Types.ObligationBody	StorageReservation	1	1
case	PSGSaturation.SemanticGraph.Types.ObligationBody	StringBorrowBound	1	1
case	PSGSaturation.SemanticGraph.Types.ObligationBody	ViewContainment	1	1
case	PSGSaturation.SemanticGraph.Types.Pattern	Const	2	2
case	PSGSaturation.SemanticGraph.Types.Pattern	Record	2	1
case	PSGSaturation.SemanticGraph.Types.Pattern	Tuple	2	1
case	PSGSaturation.SemanticGraph.Types.Pattern	Union	3	2
case	PSGSaturation.SemanticGraph.Types.Pattern	Var	1	1
case	PSGSaturation.SemanticGraph.Types.Pattern	Wildcard	2	1
case	PSGSaturation.SemanticGraph.Types.ProgramStorageIdentity	Allocation	2	1
case	PSGSaturation.SemanticGraph.Types.ProgramStorageIdentity	BindingSlot	4	2
case	PSGSaturation.SemanticGraph.Types.ProgramStorageShape	Bytes	2	1
case	PSGSaturation.SemanticGraph.Types.ProgramStorageShape	Scalar	1	1
case	PSGSaturation.SemanticGraph.Types.ProgramStorageShape	ValueView	1	1
case	PSGSaturation.SemanticGraph.Types.SemanticKind	AddressOf	1	1
case	PSGSaturation.SemanticGraph.Types.SemanticKind	AggregateStorage	1	1
case	PSGSaturation.SemanticGraph.Types.SemanticKind	Application	7	6
case	PSGSaturation.SemanticGraph.Types.SemanticKind	Binding	13	6
case	PSGSaturation.SemanticGraph.Types.SemanticKind	CaseElimination	2	2
case	PSGSaturation.SemanticGraph.Types.SemanticKind	ClosureValue	1	1
case	PSGSaturation.SemanticGraph.Types.SemanticKind	ContinuationAllocate	1	1
case	PSGSaturation.SemanticGraph.Types.SemanticKind	ContinuationDispatch	2	2
case	PSGSaturation.SemanticGraph.Types.SemanticKind	ContinuationStorage	1	1
case	PSGSaturation.SemanticGraph.Types.SemanticKind	DUConstruct	1	1
case	PSGSaturation.SemanticGraph.Types.SemanticKind	DUEliminate	1	1
case	PSGSaturation.SemanticGraph.Types.SemanticKind	DUGetTag	1	1
case	PSGSaturation.SemanticGraph.Types.SemanticKind	DUInitialize	1	1
case	PSGSaturation.SemanticGraph.Types.SemanticKind	EagerExpr	1	1
case	PSGSaturation.SemanticGraph.Types.SemanticKind	EnvironmentAllocate	1	1
case	PSGSaturation.SemanticGraph.Types.SemanticKind	EnvironmentBorrow	1	1
case	PSGSaturation.SemanticGraph.Types.SemanticKind	EnvironmentCreate	1	1
case	PSGSaturation.SemanticGraph.Types.SemanticKind	EnvironmentRead	1	1
case	PSGSaturation.SemanticGraph.Types.SemanticKind	EnvironmentReference	1	1
case	PSGSaturation.SemanticGraph.Types.SemanticKind	EnvironmentWrite	1	1
case	PSGSaturation.SemanticGraph.Types.SemanticKind	FieldGet	1	1
case	PSGSaturation.SemanticGraph.Types.SemanticKind	FieldSet	1	1
case	PSGSaturation.SemanticGraph.Types.SemanticKind	ForEach	3	3
case	PSGSaturation.SemanticGraph.Types.SemanticKind	ForLoop	2	2
case	PSGSaturation.SemanticGraph.Types.SemanticKind	FrameBorrow	1	1
case	PSGSaturation.SemanticGraph.Types.SemanticKind	FrameRead	1	1
case	PSGSaturation.SemanticGraph.Types.SemanticKind	FrameWrite	1	1
case	PSGSaturation.SemanticGraph.Types.SemanticKind	IfThenElse	2	2
case	PSGSaturation.SemanticGraph.Types.SemanticKind	Intrinsic	6	4
case	PSGSaturation.SemanticGraph.Types.SemanticKind	Lambda	6	5
case	PSGSaturation.SemanticGraph.Types.SemanticKind	LazyAllocate	1	1
case	PSGSaturation.SemanticGraph.Types.SemanticKind	LazyBorrow	1	1
case	PSGSaturation.SemanticGraph.Types.SemanticKind	LazyEnvironment	1	1
case	PSGSaturation.SemanticGraph.Types.SemanticKind	LazyEnvironmentReference	1	1
case	PSGSaturation.SemanticGraph.Types.SemanticKind	LazyExpr	2	2
case	PSGSaturation.SemanticGraph.Types.SemanticKind	LazyForce	2	2
case	PSGSaturation.SemanticGraph.Types.SemanticKind	LazyRead	1	1
case	PSGSaturation.SemanticGraph.Types.SemanticKind	LazyValue	1	1
case	PSGSaturation.SemanticGraph.Types.SemanticKind	LazyWrite	1	1
case	PSGSaturation.SemanticGraph.Types.SemanticKind	Literal	2	2
case	PSGSaturation.SemanticGraph.Types.SemanticKind	Match	1	1
case	PSGSaturation.SemanticGraph.Types.SemanticKind	ModuleDef	1	1
case	PSGSaturation.SemanticGraph.Types.SemanticKind	Obligation	2	2
case	PSGSaturation.SemanticGraph.Types.SemanticKind	PatternBinding	4	4
case	PSGSaturation.SemanticGraph.Types.SemanticKind	PlatformBinding	1	1
case	PSGSaturation.SemanticGraph.Types.SemanticKind	RecordExpr	1	1
case	PSGSaturation.SemanticGraph.Types.SemanticKind	Require	1	1
case	PSGSaturation.SemanticGraph.Types.SemanticKind	SeqExpr	2	2
case	PSGSaturation.SemanticGraph.Types.SemanticKind	Sequential	7	2
case	PSGSaturation.SemanticGraph.Types.SemanticKind	Set	2	2
case	PSGSaturation.SemanticGraph.Types.SemanticKind	TryWith	1	1
case	PSGSaturation.SemanticGraph.Types.SemanticKind	TupleExpr	4	2
case	PSGSaturation.SemanticGraph.Types.SemanticKind	TupleGet	1	1
case	PSGSaturation.SemanticGraph.Types.SemanticKind	TypeAnnotation	7	4
case	PSGSaturation.SemanticGraph.Types.SemanticKind	TypeDef	1	1
case	PSGSaturation.SemanticGraph.Types.SemanticKind	VarRef	6	5
case	PSGSaturation.SemanticGraph.Types.SemanticKind	WhileLoop	2	2
case	PSGSaturation.SemanticGraph.Types.SemanticKind	Yield	1	1
case	PSGSaturation.SemanticGraph.Types.SemanticKind	YieldBang	1	1
case	PSGSaturation.SemanticGraph.Types.SettledLayout	Union	5	3
case	PSGSaturation.SemanticGraph.Types.SettledSlot	Bool	3	2
case	PSGSaturation.SemanticGraph.Types.SettledSlot	Char	3	2
case	PSGSaturation.SemanticGraph.Types.SettledSlot	InlineBytes	2	1
case	PSGSaturation.SemanticGraph.Types.SettledSlot	Integer	6	3
case	PSGSaturation.SemanticGraph.Types.SettledSlot	Pointer	6	3
case	PSGSaturation.SemanticGraph.Types.SettledSlot	Real	6	2
case	PSGSaturation.SemanticGraph.Types.SettledSlot	Unit	3	2
case	PSGSaturation.SemanticGraph.Types.SpatialModuleWitness	Hardware	2	2
case	PSGSaturation.SemanticGraph.Types.SpatialModuleWitness	Kernel	2	2
case	PSGSaturation.SemanticGraph.Types.ValueRepresentation	Buffer	4	2
case	PSGSaturation.SemanticGraph.Types.ValueRepresentation	Record	1	1
case	PSGSaturation.SemanticGraph.Types.ValueRepresentation	Scalar	1	1
case	PSGSaturation.SemanticGraph.Types.ValueRepresentation	Tag	2	1
field	NativeTypedTree.DimensionAlgebra.Dimension	Bases	2	1
field	NativeTypedTree.DimensionAlgebra.Dimension	Vars	2	1
field	NativeTypedTree.NativeTypes.ExactRational	Denominator	3	1
field	NativeTypedTree.NativeTypes.ExactRational	Numerator	2	1
field	NativeTypedTree.NativeTypes.NumericRepresentation	Bits	3	3
field	NativeTypedTree.NativeTypes.TypeConRef	Name	1	1
field	PSGSaturation.SemanticGraph.BorrowedViews.Layout	Access	1	1
field	PSGSaturation.SemanticGraph.BorrowedViews.Layout	ElementBits	5	1
field	PSGSaturation.SemanticGraph.BorrowedViews.Layout	Range	2	1
field	PSGSaturation.SemanticGraph.Types.AdditiveLoopInvariantModel	DeltaLower	2	1
field	PSGSaturation.SemanticGraph.Types.AdditiveLoopInvariantModel	DeltaUpper	2	1
field	PSGSaturation.SemanticGraph.Types.AdditiveLoopInvariantModel	InitialLower	1	1
field	PSGSaturation.SemanticGraph.Types.AdditiveLoopInvariantModel	InitialUpper	1	1
field	PSGSaturation.SemanticGraph.Types.AdditiveLoopInvariantModel	Lower	1	1
field	PSGSaturation.SemanticGraph.Types.AdditiveLoopInvariantModel	MaximumIterations	1	1
field	PSGSaturation.SemanticGraph.Types.AdditiveLoopInvariantModel	Upper	1	1
field	PSGSaturation.SemanticGraph.Types.BoundaryByteView	Representation	1	1
field	PSGSaturation.SemanticGraph.Types.BoundaryByteView	Source	1	1
field	PSGSaturation.SemanticGraph.Types.BoundaryCall	Arguments	1	1
field	PSGSaturation.SemanticGraph.Types.BoundaryCall	Import	1	1
field	PSGSaturation.SemanticGraph.Types.BoundaryCall	Result	1	1
field	PSGSaturation.SemanticGraph.Types.BoundaryCall	ResultAdaptation	1	1
field	PSGSaturation.SemanticGraph.Types.BoundaryEmissionProjection	ByScope	3	3
field	PSGSaturation.SemanticGraph.Types.BoundaryEmissionProjection	ByteViews	2	2
field	PSGSaturation.SemanticGraph.Types.BoundaryEmissionProjection	Calls	2	2
field	PSGSaturation.SemanticGraph.Types.BoundaryEmissionProjection	DeclarationLeaves	3	3
field	PSGSaturation.SemanticGraph.Types.BoundaryEmissionProjection	DeclarationOnly	2	2
field	PSGSaturation.SemanticGraph.Types.BoundaryEmissionProjection	Imports	2	1
field	PSGSaturation.SemanticGraph.Types.BoundaryEmissionProjection	IntrinsicWriteImports	4	3
field	PSGSaturation.SemanticGraph.Types.BoundaryEmissionProjection	IntrinsicWrites	2	2
field	PSGSaturation.SemanticGraph.Types.BoundaryEmissionProjection	Links	1	1
field	PSGSaturation.SemanticGraph.Types.BoundaryImport	Parameters	1	1
field	PSGSaturation.SemanticGraph.Types.BoundaryImport	Result	1	1
field	PSGSaturation.SemanticGraph.Types.BoundaryImport	Scope	1	1
field	PSGSaturation.SemanticGraph.Types.BoundaryImport	Symbol	2	2
field	PSGSaturation.SemanticGraph.Types.BoundaryOperand	Abi	1	1
field	PSGSaturation.SemanticGraph.Types.BoundaryOperand	Actual	4	1
field	PSGSaturation.SemanticGraph.Types.BoundaryOperand	Adaptation	3	1
field	PSGSaturation.SemanticGraph.Types.CallableCarrier	Environment	7	5
field	PSGSaturation.SemanticGraph.Types.CallableCarrier	Implementation	13	5
field	PSGSaturation.SemanticGraph.Types.CallableCarrier	Occurrence	2	2
field	PSGSaturation.SemanticGraph.Types.CallableCarrier	OmittedParameters	2	1
field	PSGSaturation.SemanticGraph.Types.CallableCarrier	Parameters	1	1
field	PSGSaturation.SemanticGraph.Types.CallableCarrier	ParameterShapes	2	1
field	PSGSaturation.SemanticGraph.Types.CallableCarrier	Result	1	1
field	PSGSaturation.SemanticGraph.Types.CallableCarrier	ResultShape	2	1
field	PSGSaturation.SemanticGraph.Types.CallableCarrier	SourceType	1	1
field	PSGSaturation.SemanticGraph.Types.CallableEmissionCall	Implementation	1	1
field	PSGSaturation.SemanticGraph.Types.CallableEmissionCall	Parameters	1	1
field	PSGSaturation.SemanticGraph.Types.CallableEmissionCall	SignatureData	1	1
field	PSGSaturation.SemanticGraph.Types.CallableEmissionDeclaration	Captures	3	2
field	PSGSaturation.SemanticGraph.Types.CallableEmissionDeclaration	Context	1	1
field	PSGSaturation.SemanticGraph.Types.CallableEmissionDeclaration	Implementation	1	1
field	PSGSaturation.SemanticGraph.Types.CallableEmissionDeclaration	Parameters	5	3
field	PSGSaturation.SemanticGraph.Types.CallableEmissionDeclaration	Result	5	3
field	PSGSaturation.SemanticGraph.Types.CallableEmissionProjection	AliasTargets	1	1
field	PSGSaturation.SemanticGraph.Types.CallableEmissionProjection	Arguments	2	1
field	PSGSaturation.SemanticGraph.Types.CallableEmissionProjection	Calls	1	1
field	PSGSaturation.SemanticGraph.Types.CallableEmissionProjection	Carriers	2	2
field	PSGSaturation.SemanticGraph.Types.CallableEmissionProjection	ClosedData	1	1
field	PSGSaturation.SemanticGraph.Types.CallableEmissionProjection	Declarations	4	3
field	PSGSaturation.SemanticGraph.Types.CallableEmissionProjection	DefinitionOnlyBindings	1	1
field	PSGSaturation.SemanticGraph.Types.CallableEmissionProjection	DefinitionOnlyLambdas	2	2
field	PSGSaturation.SemanticGraph.Types.CallableEmissionProjection	DirectCallees	1	1
field	PSGSaturation.SemanticGraph.Types.CallableEmissionProjection	Flows	1	1
field	PSGSaturation.SemanticGraph.Types.CallableEmissionProjection	ForeignCalls	2	2
field	PSGSaturation.SemanticGraph.Types.CallableEmissionProjection	FunctionBindings	1	1
field	PSGSaturation.SemanticGraph.Types.CallableEmissionProjection	IntrinsicAliases	3	3
field	PSGSaturation.SemanticGraph.Types.CallableEmissionProjection	Joins	1	1
field	PSGSaturation.SemanticGraph.Types.CallableEmissionProjection	MutableRetentions	1	1
field	PSGSaturation.SemanticGraph.Types.CallableEmissionProjection	MutableStorage	2	2
field	PSGSaturation.SemanticGraph.Types.CallableEmissionProjection	NativeEntries	1	1
field	PSGSaturation.SemanticGraph.Types.CallableEmissionProjection	ProgramInstances	1	1
field	PSGSaturation.SemanticGraph.Types.CallableEmissionProjection	SignatureData	1	1
field	PSGSaturation.SemanticGraph.Types.CallableEmissionProjection	Symbols	1	1
field	PSGSaturation.SemanticGraph.Types.CallableEmissionProjection	Transports	1	1
field	PSGSaturation.SemanticGraph.Types.CallableEmissionProjection	UnitNodes	1	1
field	PSGSaturation.SemanticGraph.Types.CallableEmissionProjection	ValueShapes	7	5
field	PSGSaturation.SemanticGraph.Types.CallableEmissionProjection	VoidCallbacks	2	2
field	PSGSaturation.SemanticGraph.Types.CallableEmissionProjection	VoidPointers	1	1
field	PSGSaturation.SemanticGraph.Types.CallableEnvironment	Formal	1	1
field	PSGSaturation.SemanticGraph.Types.CallableEnvironment	Owner	6	4
field	PSGSaturation.SemanticGraph.Types.CallableFlow	Alternatives	3	1
field	PSGSaturation.SemanticGraph.Types.CallableFlow	Occurrence	2	2
field	PSGSaturation.SemanticGraph.Types.CallableFlow	SourceType	1	1
field	PSGSaturation.SemanticGraph.Types.CallableJoin	Alternatives	3	1
field	PSGSaturation.SemanticGraph.Types.CallableJoin	Occurrence	2	2
field	PSGSaturation.SemanticGraph.Types.CallableJoin	Read	1	1
field	PSGSaturation.SemanticGraph.Types.CallableJoin	SourceType	1	1
field	PSGSaturation.SemanticGraph.Types.CallableJoin	Storage	1	1
field	PSGSaturation.SemanticGraph.Types.CallableProgramInstance	Allocation	1	1
field	PSGSaturation.SemanticGraph.Types.CallableProgramInstance	Carrier	4	1
field	PSGSaturation.SemanticGraph.Types.CaseArm	Bindings	2	2
field	PSGSaturation.SemanticGraph.Types.CaseArm	Body	2	1
field	PSGSaturation.SemanticGraph.Types.CaseArm	Guard	2	2
field	PSGSaturation.SemanticGraph.Types.CaseArm	Pattern	7	2
field	PSGSaturation.SemanticGraph.Types.ClockConstraint	FrequencyHz	1	1
field	PSGSaturation.SemanticGraph.Types.ClockConstraint	IOStandard	1	1
field	PSGSaturation.SemanticGraph.Types.ClockConstraint	PackagePin	1	1
field	PSGSaturation.SemanticGraph.Types.ClockConstraint	PortName	3	1
field	PSGSaturation.SemanticGraph.Types.Codata	CallableCarriers	7	4
field	PSGSaturation.SemanticGraph.Types.Codata	Closures	1	1
field	PSGSaturation.SemanticGraph.Types.Codata	ContinuationFrames	7	2
field	PSGSaturation.SemanticGraph.Types.Codata	ContinuationRegions	1	1
field	PSGSaturation.SemanticGraph.Types.Codata	ContinuationStorage	1	1
field	PSGSaturation.SemanticGraph.Types.Codata	Curry	5	3
field	PSGSaturation.SemanticGraph.Types.Codata	DeclarationRootLambdas	1	1
field	PSGSaturation.SemanticGraph.Types.Codata	EnvironmentDestinations	1	1
field	PSGSaturation.SemanticGraph.Types.Codata	EnvironmentLayouts	5	3
field	PSGSaturation.SemanticGraph.Types.Codata	EnvironmentOrigins	4	4
field	PSGSaturation.SemanticGraph.Types.Codata	Escapes	7	7
field	PSGSaturation.SemanticGraph.Types.Codata	FunctionPointers	1	1
field	PSGSaturation.SemanticGraph.Types.Codata	KnownCallables	3	2
field	PSGSaturation.SemanticGraph.Types.Codata	LazyDestinations	1	1
field	PSGSaturation.SemanticGraph.Types.Codata	Meets	1	1
field	PSGSaturation.SemanticGraph.Types.Codata	Mmio	1	1
field	PSGSaturation.SemanticGraph.Types.Codata	Pins	1	1
field	PSGSaturation.SemanticGraph.Types.Codata	ReturnMeets	1	1
field	PSGSaturation.SemanticGraph.Types.Codata	SequenceCurrentReads	1	1
field	PSGSaturation.SemanticGraph.Types.Codata	SequenceDestinations	1	1
field	PSGSaturation.SemanticGraph.Types.Codata	SequenceInitializers	1	1
field	PSGSaturation.SemanticGraph.Types.Codata	SequenceOrigins	9	3
field	PSGSaturation.SemanticGraph.Types.Codata	WitnessEmission	1	1
field	PSGSaturation.SemanticGraph.Types.ContinuationFrame	Alignment	5	1
field	PSGSaturation.SemanticGraph.Types.ContinuationFrame	Bytes	15	2
field	PSGSaturation.SemanticGraph.Types.ContinuationFrame	Formal	2	1
field	PSGSaturation.SemanticGraph.Types.ContinuationFrame	Generator	2	2
field	PSGSaturation.SemanticGraph.Types.ContinuationFrame	Obligations	2	1
field	PSGSaturation.SemanticGraph.Types.ContinuationFrame	Owner	7	2
field	PSGSaturation.SemanticGraph.Types.ContinuationFrame	ScratchAlignment	1	1
field	PSGSaturation.SemanticGraph.Types.ContinuationFrame	ScratchBytes	2	1
field	PSGSaturation.SemanticGraph.Types.ContinuationFrame	ScratchSlots	1	1
field	PSGSaturation.SemanticGraph.Types.ContinuationFrame	Slots	5	2
field	PSGSaturation.SemanticGraph.Types.ContinuationFrame	State	1	1
field	PSGSaturation.SemanticGraph.Types.ContinuationRegion	Alignment	4	1
field	PSGSaturation.SemanticGraph.Types.ContinuationRegion	Bytes	3	1
field	PSGSaturation.SemanticGraph.Types.ContinuationRegion	ChildOwner	1	1
field	PSGSaturation.SemanticGraph.Types.ContinuationRegion	Offset	6	1
field	PSGSaturation.SemanticGraph.Types.ContinuationRegion	ParentFormal	4	1
field	PSGSaturation.SemanticGraph.Types.ContinuationRegion	ParentOwner	4	1
field	PSGSaturation.SemanticGraph.Types.ContinuationSlot	Field	7	1
field	PSGSaturation.SemanticGraph.Types.ContinuationSlot	Holds	10	2
field	PSGSaturation.SemanticGraph.Types.ContinuationSlot	IsCapture	4	1
field	PSGSaturation.SemanticGraph.Types.ContinuationSlot	Source	29	5
field	PSGSaturation.SemanticGraph.Types.CurryInfo	PartialAppBindings	4	2
field	PSGSaturation.SemanticGraph.Types.CurryInfo	PartialApplications	1	1
field	PSGSaturation.SemanticGraph.Types.CurryInfo	SaturatedCalls	1	1
field	PSGSaturation.SemanticGraph.Types.EnvironmentLayout	Alignment	3	2
field	PSGSaturation.SemanticGraph.Types.EnvironmentLayout	Bytes	10	4
field	PSGSaturation.SemanticGraph.Types.EnvironmentLayout	Formal	1	1
field	PSGSaturation.SemanticGraph.Types.EnvironmentLayout	Implementation	3	2
field	PSGSaturation.SemanticGraph.Types.EnvironmentLayout	Obligations	1	1
field	PSGSaturation.SemanticGraph.Types.EnvironmentLayout	Owner	7	2
field	PSGSaturation.SemanticGraph.Types.EnvironmentLayout	Slots	3	3
field	PSGSaturation.SemanticGraph.Types.FiniteLinearRecurrenceModel	CoefficientLower	2	1
field	PSGSaturation.SemanticGraph.Types.FiniteLinearRecurrenceModel	CoefficientUpper	2	1
field	PSGSaturation.SemanticGraph.Types.FiniteLinearRecurrenceModel	InitialLower	2	1
field	PSGSaturation.SemanticGraph.Types.FiniteLinearRecurrenceModel	InitialUpper	2	1
field	PSGSaturation.SemanticGraph.Types.FiniteLinearRecurrenceModel	Lower	2	1
field	PSGSaturation.SemanticGraph.Types.FiniteLinearRecurrenceModel	MaximumIterations	1	1
field	PSGSaturation.SemanticGraph.Types.FiniteLinearRecurrenceModel	Powers	2	1
field	PSGSaturation.SemanticGraph.Types.FiniteLinearRecurrenceModel	Upper	2	1
field	PSGSaturation.SemanticGraph.Types.FiniteLoopTripModel	Inclusive	1	1
field	PSGSaturation.SemanticGraph.Types.FiniteLoopTripModel	InitialLower	1	1
field	PSGSaturation.SemanticGraph.Types.FiniteLoopTripModel	LimitUpper	1	1
field	PSGSaturation.SemanticGraph.Types.FiniteLoopTripModel	MaximumIterations	1	1
field	PSGSaturation.SemanticGraph.Types.FiniteLoopTripModel	MinimumStep	1	1
field	PSGSaturation.SemanticGraph.Types.HardwareModuleWitness	Name	1	1
field	PSGSaturation.SemanticGraph.Types.HardwareModuleWitness	Site	1	1
field	PSGSaturation.SemanticGraph.Types.Hyperedge	Class	1	1
field	PSGSaturation.SemanticGraph.Types.Hyperedge	Ordinal	1	1
field	PSGSaturation.SemanticGraph.Types.Hyperedge	Role	2	1
field	PSGSaturation.SemanticGraph.Types.Hyperedge	Sources	1	1
field	PSGSaturation.SemanticGraph.Types.Hyperedge	Target	1	1
field	PSGSaturation.SemanticGraph.Types.IntrinsicInfo	FullName	13	4
field	PSGSaturation.SemanticGraph.Types.IntrinsicInfo	Module	14	8
field	PSGSaturation.SemanticGraph.Types.IntrinsicInfo	Operation	22	12
field	PSGSaturation.SemanticGraph.Types.IntrinsicWriteCall	Buffer	1	1
field	PSGSaturation.SemanticGraph.Types.IntrinsicWriteCall	Count	3	1
field	PSGSaturation.SemanticGraph.Types.IntrinsicWriteCall	CountAdaptation	2	1
field	PSGSaturation.SemanticGraph.Types.IntrinsicWriteCall	Fd	3	1
field	PSGSaturation.SemanticGraph.Types.IntrinsicWriteCall	FdAdaptation	2	1
field	PSGSaturation.SemanticGraph.Types.IntrinsicWriteCall	Import	1	1
field	PSGSaturation.SemanticGraph.Types.IntrinsicWriteCall	ResultAdaptation	1	1
field	PSGSaturation.SemanticGraph.Types.IntrinsicWriteImport	ByteRepresentation	1	1
field	PSGSaturation.SemanticGraph.Types.IntrinsicWriteImport	Count	1	1
field	PSGSaturation.SemanticGraph.Types.IntrinsicWriteImport	Fd	1	1
field	PSGSaturation.SemanticGraph.Types.IntrinsicWriteImport	Result	2	2
field	PSGSaturation.SemanticGraph.Types.IntrinsicWriteImport	Scope	3	3
field	PSGSaturation.SemanticGraph.Types.IntrinsicWriteImport	Symbol	2	2
field	PSGSaturation.SemanticGraph.Types.KernelModuleWitness	Name	1	1
field	PSGSaturation.SemanticGraph.Types.KernelModuleWitness	Site	1	1
field	PSGSaturation.SemanticGraph.Types.KnownCallable	EnvironmentOwner	3	2
field	PSGSaturation.SemanticGraph.Types.KnownCallable	Implementation	3	2
field	PSGSaturation.SemanticGraph.Types.LazyLayout	Alignment	1	1
field	PSGSaturation.SemanticGraph.Types.LazyLayout	Bytes	9	3
field	PSGSaturation.SemanticGraph.Types.LazyLayout	Cached	3	2
field	PSGSaturation.SemanticGraph.Types.LazyLayout	Computed	1	1
field	PSGSaturation.SemanticGraph.Types.LazyLayout	Owner	2	1
field	PSGSaturation.SemanticGraph.Types.LazyLayout	Slots	2	2
field	PSGSaturation.SemanticGraph.Types.LazyLayout	Thunk	3	2
field	PSGSaturation.SemanticGraph.Types.LazyProgramWitness	Allocation	1	1
field	PSGSaturation.SemanticGraph.Types.LazyProgramWitness	Owner	1	1
field	PSGSaturation.SemanticGraph.Types.LazyWitnessContract	Layout	3	1
field	PSGSaturation.SemanticGraph.Types.LazyWitnessContract	ThunkBody	1	1
field	PSGSaturation.SemanticGraph.Types.MappedSpanModel	BaseAlignment	1	1
field	PSGSaturation.SemanticGraph.Types.MappedSpanModel	ElementAlignment	3	2
field	PSGSaturation.SemanticGraph.Types.MappedSpanModel	ElementBytes	1	1
field	PSGSaturation.SemanticGraph.Types.MappedSpanModel	MaximumExtent	2	2
field	PSGSaturation.SemanticGraph.Types.MappedSpanModel	PointerBits	1	1
field	PSGSaturation.SemanticGraph.Types.Meet	Adapt	2	1
field	PSGSaturation.SemanticGraph.Types.Meet	Consumer	1	1
field	PSGSaturation.SemanticGraph.Types.Meet	From	10	1
field	PSGSaturation.SemanticGraph.Types.Meet	Operand	2	2
field	PSGSaturation.SemanticGraph.Types.Meet	To	8	2
field	PSGSaturation.SemanticGraph.Types.MemoryAddressWitness	Element	1	1
field	PSGSaturation.SemanticGraph.Types.MemoryAddressWitness	ElementBytes	1	1
field	PSGSaturation.SemanticGraph.Types.MemoryAddressWitness	Place	1	1
field	PSGSaturation.SemanticGraph.Types.MemoryAddressWitness	PointerBits	1	1
field	PSGSaturation.SemanticGraph.Types.MemoryAddressWitness	Site	4	1
field	PSGSaturation.SemanticGraph.Types.MemoryArrayAccessWitness	Adaptation	2	1
field	PSGSaturation.SemanticGraph.Types.MemoryArrayAccessWitness	Bounds	1	1
field	PSGSaturation.SemanticGraph.Types.MemoryArrayAccessWitness	Buffer	1	1
field	PSGSaturation.SemanticGraph.Types.MemoryArrayAccessWitness	Element	1	1
field	PSGSaturation.SemanticGraph.Types.MemoryArrayAccessWitness	Site	3	1
field	PSGSaturation.SemanticGraph.Types.MemoryArrayAccessWitness	Value	3	1
field	PSGSaturation.SemanticGraph.Types.MemoryArrayAllocationWitness	Alignment	1	1
field	PSGSaturation.SemanticGraph.Types.MemoryArrayAllocationWitness	Count	1	1
field	PSGSaturation.SemanticGraph.Types.MemoryArrayAllocationWitness	CountCarrier	1	1
field	PSGSaturation.SemanticGraph.Types.MemoryArrayAllocationWitness	Element	1	1
field	PSGSaturation.SemanticGraph.Types.MemoryArrayAllocationWitness	IndexUnsigned	1	1
field	PSGSaturation.SemanticGraph.Types.MemoryArrayAllocationWitness	Residence	1	1
field	PSGSaturation.SemanticGraph.Types.MemoryArrayAllocationWitness	Site	3	1
field	PSGSaturation.SemanticGraph.Types.MemoryArrayExtentWitness	Element	1	1
field	PSGSaturation.SemanticGraph.Types.MemoryArrayExtentWitness	Result	1	1
field	PSGSaturation.SemanticGraph.Types.MemoryArrayExtentWitness	Site	1	1
field	PSGSaturation.SemanticGraph.Types.MemoryArrayExtentWitness	Source	1	1
field	PSGSaturation.SemanticGraph.Types.MemoryArrayLiteralWitness	Alignment	3	2
field	PSGSaturation.SemanticGraph.Types.MemoryArrayLiteralWitness	Element	1	1
field	PSGSaturation.SemanticGraph.Types.MemoryArrayLiteralWitness	Elements	2	1
field	PSGSaturation.SemanticGraph.Types.MemoryArrayLiteralWitness	Initializers	2	2
field	PSGSaturation.SemanticGraph.Types.MemoryArrayLiteralWitness	Length	4	1
field	PSGSaturation.SemanticGraph.Types.MemoryArrayLiteralWitness	Residence	2	1
field	PSGSaturation.SemanticGraph.Types.MemoryArrayLiteralWitness	Site	5	1
field	PSGSaturation.SemanticGraph.Types.MemoryBoundsWitness	Index	1	1
field	PSGSaturation.SemanticGraph.Types.MemoryBoundsWitness	IndexCarrier	1	1
field	PSGSaturation.SemanticGraph.Types.MemoryBoundsWitness	IndexUnsigned	1	1
field	PSGSaturation.SemanticGraph.Types.MemoryExtentWitness	Element	1	1
field	PSGSaturation.SemanticGraph.Types.MemoryExtentWitness	IndexUnsigned	1	1
field	PSGSaturation.SemanticGraph.Types.MemoryExtentWitness	Result	2	1
field	PSGSaturation.SemanticGraph.Types.MemoryExtentWitness	Site	2	1
field	PSGSaturation.SemanticGraph.Types.MemoryExtentWitness	Source	1	1
field	PSGSaturation.SemanticGraph.Types.MemoryStringViewWitness	Element	1	1
field	PSGSaturation.SemanticGraph.Types.MemoryStringViewWitness	ResultCarrier	2	1
field	PSGSaturation.SemanticGraph.Types.MemoryStringViewWitness	Site	2	1
field	PSGSaturation.SemanticGraph.Types.MemoryStringViewWitness	Source	1	1
field	PSGSaturation.SemanticGraph.Types.MemoryStringViewWitness	SourceCarrier	2	1
field	PSGSaturation.SemanticGraph.Types.MemoryWitnessProjection	Operations	3	2
field	PSGSaturation.SemanticGraph.Types.MemoryWitnessProjection	Required	1	1
field	PSGSaturation.SemanticGraph.Types.MmioAccessEvidence	Address	1	1
field	PSGSaturation.SemanticGraph.Types.MmioAccessEvidence	Bits	1	1
field	PSGSaturation.SemanticGraph.Types.ModuleClassification	Definitions	1	1
field	PSGSaturation.SemanticGraph.Types.MutableCallableStorage	Alternatives	2	1
field	PSGSaturation.SemanticGraph.Types.MutableCallableStorage	Binding	1	1
field	PSGSaturation.SemanticGraph.Types.MutableCallableStorage	Captures	1	1
field	PSGSaturation.SemanticGraph.Types.MutableCallableStorage	EnvironmentBytes	2	2
field	PSGSaturation.SemanticGraph.Types.MutableCallableStorage	Initializer	2	1
field	PSGSaturation.SemanticGraph.Types.MutableCallableStorage	Reads	1	1
field	PSGSaturation.SemanticGraph.Types.MutableCallableStorage	Writes	2	2
field	PSGSaturation.SemanticGraph.Types.MutableCallableWrite	Alternative	2	1
field	PSGSaturation.SemanticGraph.Types.MutableCallableWrite	Site	2	2
field	PSGSaturation.SemanticGraph.Types.MutableCallableWrite	Value	6	1
field	PSGSaturation.SemanticGraph.Types.NumericIndexTransport	Carrier	1	1
field	PSGSaturation.SemanticGraph.Types.NumericIndexTransport	Operand	1	1
field	PSGSaturation.SemanticGraph.Types.NumericIndexTransport	PointerBits	1	1
field	PSGSaturation.SemanticGraph.Types.NumericIndexTransport	Unsigned	1	1
field	PSGSaturation.SemanticGraph.Types.NumericOperationOperand	Actual	6	1
field	PSGSaturation.SemanticGraph.Types.NumericOperationOperand	Adaptation	1	1
field	PSGSaturation.SemanticGraph.Types.NumericOperationOperand	Carrier	1	1
field	PSGSaturation.SemanticGraph.Types.NumericOperationWitness	Callee	1	1
field	PSGSaturation.SemanticGraph.Types.NumericOperationWitness	Form	1	1
field	PSGSaturation.SemanticGraph.Types.NumericOperationWitness	Kind	11	1
field	PSGSaturation.SemanticGraph.Types.NumericOperationWitness	Operands	2	1
field	PSGSaturation.SemanticGraph.Types.NumericOperationWitness	OperationCarrier	1	1
field	PSGSaturation.SemanticGraph.Types.NumericOperationWitness	Result	1	1
field	PSGSaturation.SemanticGraph.Types.NumericOperationWitness	ResultAdaptation	1	1
field	PSGSaturation.SemanticGraph.Types.NumericOperationWitness	Site	3	1
field	PSGSaturation.SemanticGraph.Types.NumericWitnessProjection	IndexTransports	1	1
field	PSGSaturation.SemanticGraph.Types.NumericWitnessProjection	Layouts	1	1
field	PSGSaturation.SemanticGraph.Types.NumericWitnessProjection	OccurrenceRepresentations	1	1
field	PSGSaturation.SemanticGraph.Types.NumericWitnessProjection	Operations	1	1
field	PSGSaturation.SemanticGraph.Types.NumericWitnessProjection	Required	1	1
field	PSGSaturation.SemanticGraph.Types.NumericWitnessProjection	ResultSites	1	1
field	PSGSaturation.SemanticGraph.Types.NumericWitnessProjection	SourceTypes	1	1
field	PSGSaturation.SemanticGraph.Types.NumericWitnessProjection	TypeRepresentations	1	1
field	PSGSaturation.SemanticGraph.Types.NumericWitnessProjection	Unresolved	1	1
field	PSGSaturation.SemanticGraph.Types.NumericWitnessProjection	Values	2	2
field	PSGSaturation.SemanticGraph.Types.ObligationInfo	Body	2	1
field	PSGSaturation.SemanticGraph.Types.ObligationInfo	Id	3	1
field	PSGSaturation.SemanticGraph.Types.ObligationInfo	Logic	1	1
field	PSGSaturation.SemanticGraph.Types.ObligationInfo	Source	1	1
field	PSGSaturation.SemanticGraph.Types.ObligationInfo	Statement	1	1
field	PSGSaturation.SemanticGraph.Types.OrdinaryCallProjection	Actuals	1	1
field	PSGSaturation.SemanticGraph.Types.OrdinaryCallProjection	Eager	1	1
field	PSGSaturation.SemanticGraph.Types.OrdinaryCallProjection	Omitted	2	2
field	PSGSaturation.SemanticGraph.Types.OrdinaryDemandProjection	Calls	2	2
field	PSGSaturation.SemanticGraph.Types.OrdinaryDemandProjection	DeferredOnly	2	2
field	PSGSaturation.SemanticGraph.Types.OrdinaryDemandProjection	Parameters	4	3
field	PSGSaturation.SemanticGraph.Types.PinConstraint	Direction	5	1
field	PSGSaturation.SemanticGraph.Types.PinConstraint	IOStandard	3	1
field	PSGSaturation.SemanticGraph.Types.PinConstraint	PackagePin	3	1
field	PSGSaturation.SemanticGraph.Types.PinConstraint	PortName	7	1
field	PSGSaturation.SemanticGraph.Types.PinMapping	Clock	1	1
field	PSGSaturation.SemanticGraph.Types.PinMapping	DevicePart	1	1
field	PSGSaturation.SemanticGraph.Types.PinMapping	Pins	5	2
field	PSGSaturation.SemanticGraph.Types.PinMapping	Reset	1	1
field	PSGSaturation.SemanticGraph.Types.ProgramStorageEntry	Alignment	1	1
field	PSGSaturation.SemanticGraph.Types.ProgramStorageEntry	Bytes	2	1
field	PSGSaturation.SemanticGraph.Types.ProgramStorageEntry	Identity	4	2
field	PSGSaturation.SemanticGraph.Types.ProgramStorageEntry	Shape	2	1
field	PSGSaturation.SemanticGraph.Types.ProgramStorageInventory	Entries	4	2
field	PSGSaturation.SemanticGraph.Types.ProgramStorageInventory	Unresolved	3	2
field	PSGSaturation.SemanticGraph.Types.RecurrencePowerStep	Exponent	1	1
field	PSGSaturation.SemanticGraph.Types.RecurrencePowerStep	Matrix	2	1
field	PSGSaturation.SemanticGraph.Types.RecurrencePowerStep	Odd	2	1
field	PSGSaturation.SemanticGraph.Types.RequirementWitness	Condition	1	1
field	PSGSaturation.SemanticGraph.Types.RequirementWitness	Continuation	1	1
field	PSGSaturation.SemanticGraph.Types.RequirementWitness	Diagnostic	1	1
field	PSGSaturation.SemanticGraph.Types.RequirementWitness	Frontier	2	2
field	PSGSaturation.SemanticGraph.Types.RequirementWitness	Site	5	2
field	PSGSaturation.SemanticGraph.Types.ResetConstraint	IOStandard	1	1
field	PSGSaturation.SemanticGraph.Types.ResetConstraint	IsExternal	1	1
field	PSGSaturation.SemanticGraph.Types.ResetConstraint	PackagePin	1	1
field	PSGSaturation.SemanticGraph.Types.ResetConstraint	PortName	2	1
field	PSGSaturation.SemanticGraph.Types.SaturatedCall	AllArgNodes	1	1
field	PSGSaturation.SemanticGraph.Types.SaturatedCall	TargetBindingId	1	1
field	PSGSaturation.SemanticGraph.Types.ScalarCarrier	Site	2	2
field	PSGSaturation.SemanticGraph.Types.ScalarCarrier	Slot	4	1
field	PSGSaturation.SemanticGraph.Types.SemanticGraph	Codata	57	18
field	PSGSaturation.SemanticGraph.Types.SemanticGraph	DeclarationRoots	3	3
field	PSGSaturation.SemanticGraph.Types.SemanticGraph	Edges	1	1
field	PSGSaturation.SemanticGraph.Types.SemanticGraph	ModuleClassifications	1	1
field	PSGSaturation.SemanticGraph.Types.SemanticGraph	Nodes	28	17
field	PSGSaturation.SemanticGraph.Types.SemanticGraph	StaticStringPool	2	2
field	PSGSaturation.SemanticGraph.Types.SemanticNode	Children	54	12
field	PSGSaturation.SemanticGraph.Types.SemanticNode	Id	455	54
field	PSGSaturation.SemanticGraph.Types.SemanticNode	IsReachable	3	2
field	PSGSaturation.SemanticGraph.Types.SemanticNode	Kind	88	29
field	PSGSaturation.SemanticGraph.Types.SemanticNode	Metadata	1	1
field	PSGSaturation.SemanticGraph.Types.SemanticNode	Type	9	8
field	PSGSaturation.SemanticGraph.Types.SemanticNode	ValueRange	1	1
field	PSGSaturation.SemanticGraph.Types.SequenceFamily	Alignment	4	1
field	PSGSaturation.SemanticGraph.Types.SequenceFamily	Bytes	6	2
field	PSGSaturation.SemanticGraph.Types.SequenceFamily	CurrentField	1	1
field	PSGSaturation.SemanticGraph.Types.SequenceFamily	CurrentRepresentation	1	1
field	PSGSaturation.SemanticGraph.Types.SequenceFamily	Identity	3	2
field	PSGSaturation.SemanticGraph.Types.SequenceFamily	Members	2	2
field	PSGSaturation.SemanticGraph.Types.SequenceFamily	StateField	1	1
field	PSGSaturation.SemanticGraph.Types.SequenceFamilyMember	Generator	2	2
field	PSGSaturation.SemanticGraph.Types.SequenceFlow	ElementType	1	1
field	PSGSaturation.SemanticGraph.Types.SequenceFlow	IsEnumerator	5	3
field	PSGSaturation.SemanticGraph.Types.SequenceFlow	Occurrence	3	3
field	PSGSaturation.SemanticGraph.Types.SequenceFlow	Owners	6	5
field	PSGSaturation.SemanticGraph.Types.SequenceProgramWitness	Allocation	1	1
field	PSGSaturation.SemanticGraph.Types.SequenceProgramWitness	Generator	2	1
field	PSGSaturation.SemanticGraph.Types.SequenceProgramWitness	Owner	1	1
field	PSGSaturation.SemanticGraph.Types.SequenceTemplateCopy	AddressSpace	1	1
field	PSGSaturation.SemanticGraph.Types.SequenceTemplateCopy	Alignment	2	1
field	PSGSaturation.SemanticGraph.Types.SequenceTemplateCopy	Bytes	2	1
field	PSGSaturation.SemanticGraph.Types.SequenceTemplateCopy	Family	1	1
field	PSGSaturation.SemanticGraph.Types.SequenceTemplateCopy	Region	1	1
field	PSGSaturation.SemanticGraph.Types.SequenceTemplateCopy	Residence	1	1
field	PSGSaturation.SemanticGraph.Types.SequenceTemplateCopy	Template	1	1
field	PSGSaturation.SemanticGraph.Types.SequenceWitnessContract	Family	2	1
field	PSGSaturation.SemanticGraph.Types.SequenceWitnessContract	Flow	1	1
field	PSGSaturation.SemanticGraph.Types.SettledField	Align	4	1
field	PSGSaturation.SemanticGraph.Types.SettledField	Offset	4	2
field	PSGSaturation.SemanticGraph.Types.SettledField	Size	4	1
field	PSGSaturation.SemanticGraph.Types.SettledField	Slot	7	1
field	PSGSaturation.SemanticGraph.Types.SpatialModuleProjection	ByScope	2	2
field	PSGSaturation.SemanticGraph.Types.SpatialModuleProjection	CodeRoots	3	2
field	PSGSaturation.SemanticGraph.Types.SpatialModuleProjection	Hardware	1	1
field	PSGSaturation.SemanticGraph.Types.SpatialModuleProjection	Kernels	2	2
field	PSGSaturation.SemanticGraph.Types.SpatialModuleProjection	MetadataOnly	2	2
field	PSGSaturation.SemanticGraph.Types.SpatialModuleProjection	Required	3	2
field	PSGSaturation.SemanticGraph.Types.StartupWitness	EntryLambda	2	1
field	PSGSaturation.SemanticGraph.Types.StartupWitness	Symbol	1	1
field	PSGSaturation.SemanticGraph.Types.StartupWitness	ValueBindings	1	1
field	PSGSaturation.SemanticGraph.Types.StaticStringEntry	Content	1	1
field	PSGSaturation.SemanticGraph.Types.StaticStringEntry	Length	2	2
field	PSGSaturation.SemanticGraph.Types.StaticStringEntry	NodeIds	4	2
field	PSGSaturation.SemanticGraph.Types.StaticStringEntry	Offset	2	2
field	PSGSaturation.SemanticGraph.Types.StaticStringPool	Alignment	2	2
field	PSGSaturation.SemanticGraph.Types.StaticStringPool	Bytes	2	2
field	PSGSaturation.SemanticGraph.Types.StaticStringPool	Entries	4	2
field	PSGSaturation.SemanticGraph.Types.StaticStringPool	Size	3	2
field	PSGSaturation.SemanticGraph.Types.StaticStringPool	Symbol	7	3
field	PSGSaturation.SemanticGraph.Types.StorageWitnessProjection	DefinitionOnlyThunks	1	1
field	PSGSaturation.SemanticGraph.Types.StorageWitnessProjection	Lazies	3	1
field	PSGSaturation.SemanticGraph.Types.StorageWitnessProjection	LazyOccurrences	3	2
field	PSGSaturation.SemanticGraph.Types.StorageWitnessProjection	LazyPrograms	1	1
field	PSGSaturation.SemanticGraph.Types.StorageWitnessProjection	LazyValues	4	2
field	PSGSaturation.SemanticGraph.Types.StorageWitnessProjection	LiteralPoolAnchors	1	1
field	PSGSaturation.SemanticGraph.Types.StorageWitnessProjection	PatternRequirements	1	1
field	PSGSaturation.SemanticGraph.Types.StorageWitnessProjection	ProgramStorage	3	2
field	PSGSaturation.SemanticGraph.Types.StorageWitnessProjection	Requirements	2	2
field	PSGSaturation.SemanticGraph.Types.StorageWitnessProjection	SequenceCopies	1	1
field	PSGSaturation.SemanticGraph.Types.StorageWitnessProjection	SequencePrograms	1	1
field	PSGSaturation.SemanticGraph.Types.StorageWitnessProjection	Sequences	1	1
field	PSGSaturation.SemanticGraph.Types.StorageWitnessProjection	SlotAuthorities	1	1
field	PSGSaturation.SemanticGraph.Types.StorageWitnessProjection	Startup	3	2
field	PSGSaturation.SemanticGraph.Types.WitnessEmissionProjection	Boundary	4	2
field	PSGSaturation.SemanticGraph.Types.WitnessEmissionProjection	Ordinary	1	1
field	PSGSaturation.SemanticGraph.Types.WitnessEmissionProjection	Spatial	2	1
function	Nanopass.ObligationDischarge	ofGraph	1	1
function	NativeTypedTree.Infrastructure.PhaseConfig	isVerbose	3	1
function	NativeTypedTree.NativeTypes.NodeIdModule	value	230	45
function	NativeTypedTree.NativeTypes.PlatformContextModule	tryWidth	1	1
function	NativeTypedTree.NativeTypes.ValueRangeModule	endpoints	1	1
function	NativeTypedTree.NativeTypes.ValueRangeModule	isNonNegative	3	2
function	NativeTypedTree.NativeTypes.WidthDimensionModule	name	1	1
function	NativeTypedTree.UnionFind	applySubst	3	2
function	PSGSaturation.SemanticGraph.BorrowedViews	layout	1	1
function	PSGSaturation.SemanticGraph.BorrowedViews	operation	1	1
function	PSGSaturation.SemanticGraph.Core.SemanticGraph	tryGetNode	31	11
function	PSGSaturation.SemanticGraph.ExplicitDemand	operand	1	1
function	PSGSaturation.SemanticGraph.MappedBindings	tryFindCall	1	1
function	PSGSaturation.SemanticGraph.MappedSpans	forLayout	1	1
function	PSGSaturation.SemanticGraph.Mmio	operation	1	1
function	PSGSaturation.SemanticGraph.WitnessEmission	tryBoundary	4	3
function	PSGSaturation.SemanticGraph.WitnessEmission	tryCallable	28	17
function	PSGSaturation.SemanticGraph.WitnessEmission	tryMemory	3	2
function	PSGSaturation.SemanticGraph.WitnessEmission	tryNumeric	3	3
function	PSGSaturation.SemanticGraph.WitnessEmission	tryOrdinary	6	4
function	PSGSaturation.SemanticGraph.WitnessEmission	tryRead	3	3
function	PSGSaturation.SemanticGraph.WitnessEmission	trySpatial	4	3
function	PSGSaturation.SemanticGraph.WitnessEmission	tryStorage	21	12
record	NativeTypedTree.NativeTypes	CaptureInfo	4	1
record	NativeTypedTree.NativeTypes	ExactRational	1	1
record	NativeTypedTree.NativeTypes	PlatformContext	3	1
record	PSGSaturation.SemanticGraph.Types	BoundaryEmissionProjection	1	1
record	PSGSaturation.SemanticGraph.Types	BoundaryImport	4	2
record	PSGSaturation.SemanticGraph.Types	BoundaryOperand	1	1
record	PSGSaturation.SemanticGraph.Types	CallableCarrier	2	2
record	PSGSaturation.SemanticGraph.Types	CallableFlow	1	1
record	PSGSaturation.SemanticGraph.Types	CallableJoin	1	1
record	PSGSaturation.SemanticGraph.Types	CaseArm	4	2
record	PSGSaturation.SemanticGraph.Types	ContinuationFrame	7	1
record	PSGSaturation.SemanticGraph.Types	ContinuationSlot	7	1
record	PSGSaturation.SemanticGraph.Types	EnvironmentLayout	4	1
record	PSGSaturation.SemanticGraph.Types	IntrinsicInfo	7	2
record	PSGSaturation.SemanticGraph.Types	IntrinsicWriteImport	5	2
record	PSGSaturation.SemanticGraph.Types	LazyLayout	6	4
record	PSGSaturation.SemanticGraph.Types	Meet	5	3
record	PSGSaturation.SemanticGraph.Types	MemoryAddressWitness	1	1
record	PSGSaturation.SemanticGraph.Types	MemoryArrayLiteralWitness	1	1
record	PSGSaturation.SemanticGraph.Types	MemoryBoundsWitness	1	1
record	PSGSaturation.SemanticGraph.Types	MutableCallableStorage	2	2
record	PSGSaturation.SemanticGraph.Types	MutableCallableWrite	2	1
record	PSGSaturation.SemanticGraph.Types	NumericOperationOperand	2	1
record	PSGSaturation.SemanticGraph.Types	NumericOperationWitness	3	1
record	PSGSaturation.SemanticGraph.Types	ObligationInfo	3	1
record	PSGSaturation.SemanticGraph.Types	PinMapping	1	1
record	PSGSaturation.SemanticGraph.Types	ProgramStorageEntry	6	4
record	PSGSaturation.SemanticGraph.Types	ScalarCarrier	2	1
record	PSGSaturation.SemanticGraph.Types	SemanticGraph	43	11
record	PSGSaturation.SemanticGraph.Types	SemanticNode	92	42
record	PSGSaturation.SemanticGraph.Types	SequenceFamily	2	2
record	PSGSaturation.SemanticGraph.Types	SequenceFlow	2	2
record	PSGSaturation.SemanticGraph.Types	SequenceTemplateCopy	1	1
record	PSGSaturation.SemanticGraph.Types	StaticStringEntry	1	1
record	PSGSaturation.SemanticGraph.Types	StaticStringPool	1	1
union	NativeTypedTree.NativeTypes	NativeLiteral	17	5
union	NativeTypedTree.NativeTypes	NativeType	12	7
union	NativeTypedTree.NativeTypes	NodeId	180	24
union	NativeTypedTree.NativeTypes	NTUMemorySpace	1	1
union	NativeTypedTree.NativeTypes	TypeIdentity	6	3
union	NativeTypedTree.NativeTypes	ValueRange	3	2
union	NativeTypedTree.NativeTypes	WidthDimension	2	1
union	NativeTypedTree.NativeTypes.ValueRangeModule	Endpoint	1	1
union	PSGSaturation.SemanticGraph.Types	BoundaryScalar	2	1
union	PSGSaturation.SemanticGraph.Types	CallableSymbolName	4	1
union	PSGSaturation.SemanticGraph.Types	CallableValueShape	31	11
union	PSGSaturation.SemanticGraph.Types	CaptureSlotKind	19	2
union	PSGSaturation.SemanticGraph.Types	DeclRoot	10	5
union	PSGSaturation.SemanticGraph.Types	DimensionalRule	6	1
union	PSGSaturation.SemanticGraph.Types	EagerFrontier	1	1
union	PSGSaturation.SemanticGraph.Types	EdgeClass	1	1
union	PSGSaturation.SemanticGraph.Types	EdgeRole	2	1
union	PSGSaturation.SemanticGraph.Types	EscapeKind	16	7
union	PSGSaturation.SemanticGraph.Types	FunctionPointerPlan	2	1
union	PSGSaturation.SemanticGraph.Types	IntrinsicModule	55	13
union	PSGSaturation.SemanticGraph.Types	LambdaContext	1	1
union	PSGSaturation.SemanticGraph.Types	MeetKind	6	1
union	PSGSaturation.SemanticGraph.Types	MemoryPlace	4	1
union	PSGSaturation.SemanticGraph.Types	MemoryResidence	5	1
union	PSGSaturation.SemanticGraph.Types	MemoryWitnessOperation	9	1
union	PSGSaturation.SemanticGraph.Types	MetadataValue	1	1
union	PSGSaturation.SemanticGraph.Types	NumericOperationForm	6	1
union	PSGSaturation.SemanticGraph.Types	NumericOperationKind	34	1
union	PSGSaturation.SemanticGraph.Types	ObligationBody	27	1
union	PSGSaturation.SemanticGraph.Types	Pattern	12	2
union	PSGSaturation.SemanticGraph.Types	ProgramStorageIdentity	5	2
union	PSGSaturation.SemanticGraph.Types	ProgramStorageShape	4	1
union	PSGSaturation.SemanticGraph.Types	SemanticKind	124	26
union	PSGSaturation.SemanticGraph.Types	SettledLayout	5	3
union	PSGSaturation.SemanticGraph.Types	SettledSlot	29	4
union	PSGSaturation.SemanticGraph.Types	SpatialModuleWitness	6	4
union	PSGSaturation.SemanticGraph.Types	ValueRepresentation	8	2
value	NativeTypedTree.NativeTypes.Types	unitType	1	1
value	PSGSaturation.SemanticGraph.Types.ObligationMetadata	Anchors	1	1
